Year,GB.XPD.RSDV.GD.ZS
1996,2.59054
1997,2.80736
1998,2.91897
1999,3.33008
2000,3.93329
2001,4.18499
2002,4.13067
2003,3.89304
2004,3.87344
2005,4.04819
2006,4.14097
2007,4.42235
2008,4.34227
2009,4.13293
2010,3.93541
2011,4.01532
2012,4.16147
2013,4.0961
2014,4.17398
2015,4.26525
2016,4.51177
2017,4.81623
2018,4.94079
