,Israel,Year
0,2.59054,1996
1,2.80736,1997
2,2.91897,1998
3,3.33008,1999
4,3.93329,2000
5,4.18499,2001
6,4.13067,2002
7,3.89304,2003
8,3.87344,2004
9,4.04819,2005
10,4.14097,2006
11,4.42235,2007
12,4.34227,2008
13,4.13293,2009
14,3.93541,2010
15,4.01532,2011
16,4.16147,2012
17,4.0961,2013
18,4.17398,2014
19,4.26525,2015
20,4.51177,2016
21,4.81623,2017
22,4.94079,2018
